{"count":1,"self":48.1699328,"total":48.2901224,"children":{"InitializeActuators":{"count":1,"self":0.0019944999999999997,"total":0.0019944999999999997,"children":null},"InitializeSensors":{"count":1,"self":0.0019944999999999997,"total":0.0019944999999999997,"children":null},"AgentSendState":{"count":2123,"self":0.0446742,"total":0.061582399999999995,"children":{"CollectObservations":{"count":425,"self":0.0049610999999999995,"total":0.0049610999999999995,"children":null},"WriteActionMask":{"count":425,"self":0.0039644,"total":0.0039644,"children":null},"RequestDecision":{"count":425,"self":0.0079826999999999988,"total":0.0079826999999999988,"children":null}}},"DecideAction":{"count":2123,"self":0.035046799999999996,"total":0.035046799999999996,"children":null},"AgentAct":{"count":2123,"self":0.0180084,"total":0.0180084,"children":null}},"gauges":{"Score.CumulativeReward":{"count":1,"max":69.10014,"min":69.10014,"runningAverage":69.10014,"value":69.10014,"weightedAverage":69.10014}},"metadata":{"timer_format_version":"0.1.0","start_time_seconds":"1695274953","unity_version":"2021.3.6f1","command_line_arguments":"C:\\Program Files\\Unity\\Hub\\Editor\\2021.3.6f1\\Editor\\Unity.exe -projectpath C:\\Users\\markk\\Documents\\UnityProjects\\Reinforcement-Learning -useHub -hubIPC -cloudEnvironment production -licensingIpc LicenseClient-Mark -hubSessionId b63cde00-55e8-11ee-919c-a942cdd462d8 -accessToken swHsc2cNY1kbInWgkZV-dWNfgaBcEbSlfaEb4NZpTgQ003f","communication_protocol_version":"1.5.0","com.unity.ml-agents_version":"2.0.1","scene_name":"HumanSoloScene","end_time_seconds":"1695275001"}}